Rossz,Szomszedos,Febr. 8--10.,Febr. 22--24.,Márc. 1--3.,Márc. 8--10.,Márc. 15--17.,Márc. 22--24.,Ápr. 5--7.,Ápr. 12--14.,Tavaszi szünet,Ápr. 26--28.,Máj. 3--5.,Máj. 10--12.,Máj. 17--19.,Máj. 24--26.,Máj. 31. -- jún. 2.,Jún. 7--10.,Jún. 14--16.,Jún. 17--20.,Jún. 21--23.
9,4,,,Bárány (1),,Ka (0),Mongúz (0),,,,Manátusz (5),Bálna (1),,Kb (0),Franny (1),,Lemur (0),Zooey (1),,
9,5,,,Bárány (1),,Ka (0),Mongúz (0),,,,Bálna (1),,,Kb (0),Franny (1),Manátusz (5),Lemur (0),Zooey (1),,
9,5,,,Bárány (1),,Ka (0),Mongúz (0),,,,,Bálna (1),,Kb (0),Franny (1),Manátusz (5),Lemur (0),Zooey (1),,
9,6,,,,,Ka (0),Mongúz (0),,,,Bárány (1),Bálna (1),,Kb (0),Franny (1),Manátusz (5),Lemur (0),Zooey (1),,
10,3,,,Bárány (1),,Ka (0),Mongúz (0),,,,Manátusz (5),Bálna (1),,Kb (0),Franny (1),,Lemur (0),,Zooey (2),
10,4,,,Bárány (1),,Ka (0),Mongúz (0),Bálna (2),,,Manátusz (5),,,Kb (0),Franny (1),,Lemur (0),Zooey (1),,
10,4,,,Bárány (1),,Ka (0),Mongúz (0),,,,Manátusz (5),Bálna (1),,Kb (0),Franny (1),,Zooey (1),Lemur (1),,
10,4,,,Bárány (1),,Ka (0),Franny (2),,,,Manátusz (5),Bálna (1),,Kb (0),Mongúz (0),,Lemur (0),Zooey (1),,
10,4,,,Bárány (1),,Ka (0),Mongúz (0),,,,Manátusz (5),Bálna (1),,Franny (1),Kb (1),,Lemur (0),Zooey (1),,
10,4,,,Bárány (1),,Ka (0),Mongúz (0),,,,Manátusz (5),Bálna (1),,Kb (0),Franny (1),Lemur (1),,Zooey (1),,
10,4,,,Bárány (1),,Ka (0),Mongúz (0),,,,Manátusz (5),,Bálna (2),Kb (0),Franny (1),,Lemur (0),Zooey (1),,
10,4,,,Bárány (1),,Ka (0),Mongúz (0),,,,Bálna (1),,,Kb (0),Franny (1),Manátusz (5),Lemur (0),,Zooey (2),
10,4,,,Bárány (1),,Ka (0),Mongúz (0),,,,,Bálna (1),,Kb (0),Franny (1),Manátusz (5),Lemur (0),,Zooey (2),
10,5,,,Bárány (1),,Ka (0),Mongúz (0),,,,Manátusz (5),Bálna (1),Zooey (2),Kb (0),Franny (1),,Lemur (0),,,
10,5,,,Bárány (1),,Ka (0),Mongúz (0),,,,Manátusz (5),Bálna (1),,Kb (0),Franny (1),Lemur (1),Zooey (1),,,
10,5,,,Bárány (1),,Ka (0),,,,,Manátusz (5),Bálna (1),,Kb (0),Franny (1),Mongúz (1),Lemur (0),Zooey (1),,
10,5,,,Bálna (2),,Ka (0),Mongúz (0),,,,Bárány (1),,,Kb (0),Franny (1),Manátusz (5),Lemur (0),Zooey (1),,
10,5,,,Bárány (1),,Ka (0),Mongúz (0),,,,Bálna (1),,Zooey (2),Kb (0),Franny (1),Manátusz (5),Lemur (0),,,
10,5,,,Bárány (1),,Ka (0),Mongúz (0),,,,Bálna (1),,,Kb (0),Franny (1),Manátusz (5),Zooey (1),Lemur (1),,
10,5,,,Bárány (1),,Ka (0),Franny (2),,,,Bálna (1),,,Kb (0),Mongúz (0),Manátusz (5),Lemur (0),Zooey (1),,
10,5,,,Bárány (1),,Ka (0),Mongúz (0),,,,Bálna (1),,,Franny (1),Kb (1),Manátusz (5),Lemur (0),Zooey (1),,
10,5,,,Bárány (1),,Ka (0),Mongúz (0),,,,,Bálna (1),,Kb (0),Franny (1),Manátusz (5),Zooey (1),Lemur (1),,
10,5,,,Bárány (1),,Ka (0),Franny (2),,,,,Bálna (1),,Kb (0),Mongúz (0),Manátusz (5),Lemur (0),Zooey (1),,
10,5,,,Bárány (1),,Ka (0),Mongúz (0),,,,,Bálna (1),,Franny (1),Kb (1),Manátusz (5),Lemur (0),Zooey (1),,
10,5,,,Bárány (1),,,Mongúz (0),,,,Ka (1),Bálna (1),,Kb (0),Franny (1),Manátusz (5),Lemur (0),Zooey (1),,
10,5,,,,,Ka (0),Mongúz (0),,,,Bárány (1),Bálna (1),,Kb (0),Franny (1),Manátusz (5),Lemur (0),,Zooey (2),
10,6,,,Bárány (1),,Ka (0),Mongúz (0),Bálna (2),,,,,,Kb (0),Franny (1),Manátusz (5),Lemur (0),Zooey (1),,
10,6,,,,,Ka (0),Mongúz (0),Bálna (2),,,Bárány (1),,,Kb (0),Franny (1),Manátusz (5),Lemur (0),Zooey (1),,
10,6,,,Bárány (1),,Ka (0),Mongúz (0),,,,,Bálna (1),Zooey (2),Kb (0),Franny (1),Manátusz (5),Lemur (0),,,
10,6,,,,,Ka (0),Mongúz (0),,,,Bárány (1),Bálna (1),,Kb (0),Franny (1),Manátusz (5),Zooey (1),Lemur (1),,
10,6,,,,,Ka (0),Franny (2),,,,Bárány (1),Bálna (1),,Kb (0),Mongúz (0),Manátusz (5),Lemur (0),Zooey (1),,
10,6,,,,,Ka (0),Mongúz (0),,,,Bárány (1),Bálna (1),,Franny (1),Kb (1),Manátusz (5),Lemur (0),Zooey (1),,
10,6,,,Bárány (1),,Ka (0),Mongúz (0),,,,,,Bálna (2),Kb (0),Franny (1),Manátusz (5),Lemur (0),Zooey (1),,
10,6,,,,,Ka (0),Mongúz (0),,,,Bárány (1),,Bálna (2),Kb (0),Franny (1),Manátusz (5),Lemur (0),Zooey (1),,
10,7,,,,,Ka (0),Mongúz (0),,,,Bárány (1),Bálna (1),Zooey (2),Kb (0),Franny (1),Manátusz (5),Lemur (0),,,
11,3,Bálna (3),,Bárány (1),,Ka (0),Mongúz (0),,,,Manátusz (5),,,Kb (0),Franny (1),,Lemur (0),Zooey (1),,
11,3,,,Bárány (1),,Ka (0),Mongúz (0),Bálna (2),,,Manátusz (5),,,Kb (0),Franny (1),,Lemur (0),,Zooey (2),
11,3,,,Bárány (1),,Ka (0),Mongúz (0),,,,Manátusz (5),Bálna (1),,Franny (1),Lemur (0),,Zooey (1),,Kb (2),
11,3,,,Bárány (1),,Ka (0),Mongúz (0),,,,Manátusz (5),Bálna (1),,Franny (1),Lemur (0),,Zooey (1),,,Kb (2)
11,3,,,Bárány (1),,Ka (0),Mongúz (0),,,,Manátusz (5),Bálna (1),,Franny (1),Lemur (0),,,Zooey (1),,Kb (2)
11,3,,,Bárány (1),,Ka (0),Mongúz (0),,,,Manátusz (5),Bálna (1),,Franny (1),,,Lemur (0),Zooey (1),,Kb (2)
11,3,,,Bárány (1),,Ka (0),,,,,Manátusz (5),Bálna (1),,Franny (1),Mongúz (0),,Lemur (0),Zooey (1),,Kb (2)
11,3,,,Bárány (1),,,Mongúz (0),,,,Manátusz (5),Bálna (1),,Franny (1),Ka (0),,Lemur (0),Zooey (1),,Kb (2)
11,3,,,Bárány (1),,Ka (0),Mongúz (0),,,,Manátusz (5),Bálna (1),,,Franny (1),,Lemur (0),Zooey (1),,Kb (2)
11,3,,,Bárány (1),,Ka (0),Franny (2),,,,Manátusz (5),Bálna (1),,Kb (0),Mongúz (0),,Lemur (0),,Zooey (2),
11,3,,,Bárány (1),,Ka (0),Mongúz (0),,,,Manátusz (5),Bálna (1),,Franny (1),Kb (1),,Lemur (0),,Zooey (2),
11,3,,,Bárány (1),,Ka (0),Mongúz (0),,,,Manátusz (5),,Bálna (2),Kb (0),Franny (1),,Lemur (0),,Zooey (2),
11,3,,,Bárány (1),,Ka (0),Mongúz (0),,,,Bálna (1),,,Franny (1),Lemur (0),Manátusz (5),,Zooey (1),,Kb (2)
11,3,,,Bárány (1),,Ka (0),Mongúz (0),,,,Bálna (1),,,Franny (1),,Manátusz (5),Lemur (0),Zooey (1),,Kb (2)
11,3,,,Bárány (1),,Ka (0),Mongúz (0),,,,,Bálna (1),,Franny (1),Lemur (0),Manátusz (5),,Zooey (1),,Kb (2)
11,3,,,Bárány (1),,Ka (0),Mongúz (0),,,,,Bálna (1),,Franny (1),,Manátusz (5),Lemur (0),Zooey (1),,Kb (2)
11,4,,Bálna (3),Bárány (1),,Ka (0),Mongúz (0),,,,Manátusz (5),,,Kb (0),Franny (1),,Lemur (0),Zooey (1),,
11,4,,,Bárány (1),,Ka (0),Mongúz (0),Bálna (2),,,Manátusz (5),,Zooey (2),Kb (0),Franny (1),,Lemur (0),,,
11,4,,,Bárány (1),,Ka (0),Mongúz (0),Bálna (2),,,Manátusz (5),,,Kb (0),Franny (1),,Zooey (1),Lemur (1),,
11,4,,,Bárány (1),,Ka (0),Franny (2),Bálna (2),,,Manátusz (5),,,Kb (0),Mongúz (0),,Lemur (0),Zooey (1),,
11,4,,,Bárány (1),,Ka (0),Mongúz (0),Bálna (2),,,Manátusz (5),,,Franny (1),Kb (1),,Lemur (0),Zooey (1),,
11,4,,,Bárány (1),,Ka (0),Mongúz (0),Bálna (2),,,Manátusz (5),,,Kb (0),Franny (1),Lemur (1),,Zooey (1),,
11,4,,,Bárány (1),,Ka (0),,Bálna (2),,,Manátusz (5),,,Kb (0),Franny (1),Mongúz (1),Lemur (0),Zooey (1),,
11,4,,,Bárány (1),,Ka (0),Franny (2),,,,Manátusz (5),Bálna (1),,Kb (0),Mongúz (0),,Zooey (1),Lemur (1),,
11,4,,,Bárány (1),,Ka (0),Mongúz (0),,,,Manátusz (5),Bálna (1),,Franny (1),Kb (1),,Zooey (1),Lemur (1),,
11,4,,,Bárány (1),,Ka (0),Mongúz (0),,,,Manátusz (5),Bálna (1),,Franny (1),Lemur (0),,Zooey (1),Kb (2),,
11,4,,,Bárány (1),,Ka (0),Franny (2),,,,Manátusz (5),Bálna (1),,Kb (0),Lemur (0),Mongúz (1),,Zooey (1),,
11,4,,,Bárány (1),,Ka (0),Franny (2),,,,Manátusz (5),Bálna (1),,Kb (0),Mongúz (0),Lemur (1),,Zooey (1),,
11,4,,,Bárány (1),,Ka (0),Franny (2),,,,Manátusz (5),Bálna (1),,Kb (0),,Mongúz (1),Lemur (0),Zooey (1),,
11,4,,,Bárány (1),,Ka (0),Kb (2),,,,Manátusz (5),Bálna (1),,Franny (1),Mongúz (0),,Lemur (0),Zooey (1),,
11,4,,,Bárány (1),,Ka (0),Mongúz (0),,,,Manátusz (5),Bálna (1),,Franny (1),Kb (1),Lemur (1),,Zooey (1),,
11,4,,,Bárány (1),,Ka (0),Mongúz (0),,,,Manátusz (5),Bálna (1),,Franny (1),Lemur (0),,,Zooey (1),Kb (2),
11,4,,,Bárány (1),,Ka (0),Mongúz (0),,,,Manátusz (5),Bálna (1),,Franny (1),,,Lemur (0),Zooey (1),Kb (2),
11,4,,,Bárány (1),,Ka (0),,,,,Manátusz (5),Bálna (1),,Franny (1),Mongúz (0),,Lemur (0),Zooey (1),Kb (2),
11,4,,,Bárány (1),,,Mongúz (0),,,,Manátusz (5),Bálna (1),,Franny (1),Ka (0),,Lemur (0),Zooey (1),Kb (2),
11,4,,,Bárány (1),,Ka (0),Mongúz (0),,,,Manátusz (5),Bálna (1),,,Franny (1),,Lemur (0),Zooey (1),Kb (2),
11,4,,,Bárány (1),,Ka (0),Mongúz (0),,,,Manátusz (5),Bálna (1),,Kb (0),Lemur (0),Franny (3),,Zooey (1),,
11,4,,,Bárány (1),,Ka (0),Mongúz (0),,,,Manátusz (5),Bálna (1),,Kb (0),,Franny (3),Lemur (0),Zooey (1),,
11,4,,,Bárány (1),,Ka (0),Mongúz (0),,,,Manátusz (5),Bálna (1),,Kb (0),Franny (1),Lemur (1),,,Zooey (2),
11,4,,,Bárány (1),,Ka (0),,,,,Manátusz (5),Bálna (1),,Kb (0),Franny (1),Mongúz (1),Lemur (0),,Zooey (2),
11,4,,,Bárány (1),,Ka (0),Mongúz (0),,,,Manátusz (5),Bálna (1),,Kb (0),Franny (1),,,Lemur (1),Zooey (2),
11,4,,,,,Ka (0),Mongúz (0),,,,Manátusz (5),Bálna (1),,Kb (0),Franny (1),,Lemur (0),Zooey (1),,Bárány (3)
11,4,,,Bárány (1),,Ka (0),Mongúz (0),,,,Manátusz (5),,Bálna (2),Kb (0),Franny (1),,Zooey (1),Lemur (1),,
11,4,,,Bárány (1),,Ka (0),Franny (2),,,,Manátusz (5),,Bálna (2),Kb (0),Mongúz (0),,Lemur (0),Zooey (1),,
11,4,,,Bárány (1),,Ka (0),Mongúz (0),,,,Manátusz (5),,Bálna (2),Franny (1),Kb (1),,Lemur (0),Zooey (1),,
11,4,,,Bárány (1),,Ka (0),Mongúz (0),,,,Manátusz (5),,Bálna (2),Kb (0),Franny (1),Lemur (1),,Zooey (1),,
11,4,,,Bálna (2),,Ka (0),Mongúz (0),,,,Bárány (1),,,Kb (0),Franny (1),Manátusz (5),Lemur (0),,Zooey (2),
11,4,,,Bárány (1),,Ka (0),Mongúz (0),,,,Bálna (1),,Zooey (2),Kb (0),Franny (1),Manátusz (5),,Lemur (1),,
11,4,,,Bárány (1),,Ka (0),Mongúz (0),,,,Bálna (1),,,Franny (1),Lemur (0),Manátusz (5),Zooey (1),,Kb (2),
11,4,,,Bárány (1),,Ka (0),Mongúz (0),,,,Bálna (1),,,Franny (1),Lemur (0),Manátusz (5),Zooey (1),,,Kb (2)
11,4,,,Bárány (1),,Ka (0),Mongúz (0),,,,Bálna (1),,,Franny (1),Lemur (0),Manátusz (5),,Zooey (1),Kb (2),
11,4,,,Bárány (1),,Ka (0),Mongúz (0),,,,Bálna (1),,,Franny (1),,Manátusz (5),Lemur (0),Zooey (1),Kb (2),
11,4,,,Bárány (1),,Ka (0),,,,,Bálna (1),,,Franny (1),Mongúz (0),Manátusz (5),Lemur (0),Zooey (1),,Kb (2)
11,4,,,Bárány (1),,,Mongúz (0),,,,Bálna (1),,,Franny (1),Ka (0),Manátusz (5),Lemur (0),Zooey (1),,Kb (2)
11,4,,,Bárány (1),,Ka (0),Mongúz (0),,,,Bálna (1),Lemur (2),,Kb (0),Franny (1),Manátusz (5),,Zooey (1),,
11,4,,,Bárány (1),,Ka (0),Mongúz (0),,,,Bálna (1),,,,Franny (1),Manátusz (5),Lemur (0),Zooey (1),,Kb (2)
11,4,,,Bárány (1),,Ka (0),Franny (2),,,,Bálna (1),,,Kb (0),Mongúz (0),Manátusz (5),Lemur (0),,Zooey (2),
11,4,,,Bárány (1),,Ka (0),Mongúz (0),,,,Bálna (1),,,Franny (1),Kb (1),Manátusz (5),Lemur (0),,Zooey (2),
11,4,,,Bárány (1),,Ka (0),Mongúz (0),,,,Bálna (1),,,Kb (0),Franny (1),Manátusz (5),,Lemur (1),Zooey (2),
11,4,,,Bárány (1),,Ka (0),Mongúz (0),,,,,Bálna (1),,Franny (1),Lemur (0),Manátusz (5),Zooey (1),,Kb (2),
11,4,,,Bárány (1),,Ka (0),Mongúz (0),,,,,Bálna (1),,Franny (1),Lemur (0),Manátusz (5),Zooey (1),,,Kb (2)
11,4,,,Bárány (1),,Ka (0),Mongúz (0),,,,,Bálna (1),,Franny (1),Lemur (0),Manátusz (5),,Zooey (1),Kb (2),
11,4,,,Bárány (1),,Ka (0),Mongúz (0),,,,,Bálna (1),,Franny (1),,Manátusz (5),Lemur (0),Zooey (1),Kb (2),
11,4,,,Bárány (1),,Ka (0),,,,,,Bálna (1),,Franny (1),Mongúz (0),Manátusz (5),Lemur (0),Zooey (1),,Kb (2)
11,4,,,Bárány (1),,,Mongúz (0),,,,,Bálna (1),,Franny (1),Ka (0),Manátusz (5),Lemur (0),Zooey (1),,Kb (2)
11,4,,,Bárány (1),,Ka (0),Mongúz (0),,,,,Bálna (1),,,Franny (1),Manátusz (5),Lemur (0),Zooey (1),,Kb (2)
11,4,,,Bárány (1),,Ka (0),Franny (2),,,,,Bálna (1),,Kb (0),Mongúz (0),Manátusz (5),Lemur (0),,Zooey (2),
11,4,,,Bárány (1),,Ka (0),Mongúz (0),,,,,Bálna (1),,Franny (1),Kb (1),Manátusz (5),Lemur (0),,Zooey (2),
11,4,,,Bárány (1),,Ka (0),Mongúz (0),,,,,Bálna (1),,Kb (0),Franny (1),Manátusz (5),,Lemur (1),Zooey (2),
11,4,,,Bárány (1),,,Mongúz (0),,,,Ka (1),Bálna (1),,Kb (0),Franny (1),Manátusz (5),Lemur (0),,Zooey (2),
11,4,,,,,Ka (0),Mongúz (0),,,,Bárány (1),Bálna (1),,Franny (1),Lemur (0),Manátusz (5),,Zooey (1),,Kb (2)
11,4,,,,,Ka (0),Mongúz (0),,,,Bárány (1),Bálna (1),,Franny (1),,Manátusz (5),Lemur (0),Zooey (1),,Kb (2)
11,5,,,Bárány (1),Bálna (3),Ka (0),Mongúz (0),,,,Manátusz (5),,,Kb (0),Franny (1),,Lemur (0),Zooey (1),,
11,5,,,Bárány (1),,Ka (0),Mongúz (0),Bálna (2),,,Manátusz (5),,,Kb (0),Franny (1),Lemur (1),Zooey (1),,,
11,5,,,Bárány (1),Zooey (3),Ka (0),Mongúz (0),,,,Manátusz (5),Bálna (1),,Kb (0),Franny (1),,Lemur (0),,,
11,5,,,Bárány (1),,Ka (0),Franny (2),,,,Manátusz (5),Bálna (1),Zooey (2),Kb (0),Mongúz (0),,Lemur (0),,,
11,5,,,Bárány (1),,Ka (0),Mongúz (0),,,,Manátusz (5),Bálna (1),Zooey (2),Franny (1),Kb (1),,Lemur (0),,,
11,5,,,Bárány (1),,Ka (0),Mongúz (0),,,,Manátusz (5),Bálna (1),Zooey (2),Kb (0),Franny (1),,,Lemur (1),,
11,5,,,Bárány (1),,Ka (0),Franny (2),,,,Manátusz (5),Bálna (1),,Kb (0),Lemur (0),Mongúz (1),Zooey (1),,,
11,5,,,Bárány (1),,Ka (0),Franny (2),,,,Manátusz (5),Bálna (1),,Kb (0),Mongúz (0),Lemur (1),Zooey (1),,,
11,5,,,Bárány (1),,Ka (0),Mongúz (0),,,,Manátusz (5),Bálna (1),,Franny (1),Kb (1),Lemur (1),Zooey (1),,,
11,5,,,Bárány (1),,Ka (0),,,,,Manátusz (5),Bálna (1),,Kb (0),Franny (1),Mongúz (1),Zooey (1),Lemur (1),,
11,5,,,Bárány (1),,Ka (0),Mongúz (0),,,,Manátusz (5),Bálna (1),,Kb (0),Lemur (0),Franny (3),Zooey (1),,,
11,5,,,Bárány (1),,,Franny (2),,,,Manátusz (5),Bálna (1),,Kb (0),Ka (0),Mongúz (1),Lemur (0),Zooey (1),,
11,5,,,Bárány (1),,Ka (0),,,,,Manátusz (5),Bálna (1),,Franny (1),Kb (1),Mongúz (1),Lemur (0),Zooey (1),,
11,5,,,Bárány (1),,,Mongúz (0),,,,Manátusz (5),Bálna (1),,Kb (0),Franny (1),Ka (2),Lemur (0),Zooey (1),,
11,5,,,Bárány (1),,Ka (0),,,,,Manátusz (5),Bálna (1),,Kb (0),Mongúz (0),Franny (3),Lemur (0),Zooey (1),,
11,5,,,Bárány (1),,,Mongúz (0),,,,Manátusz (5),Bálna (1),,Kb (0),Ka (0),Franny (3),Lemur (0),Zooey (1),,
11,5,,,,,Ka (0),Mongúz (0),,,,Manátusz (5),Bálna (1),,Kb (0),Franny (1),,Lemur (0),Zooey (1),Bárány (3),
11,5,,,Bárány (1),,Ka (0),Mongúz (0),,,,Manátusz (5),,Bálna (2),Kb (0),Franny (1),Lemur (1),Zooey (1),,,
11,5,,,Bárány (1),,Ka (0),,,,,Manátusz (5),,Bálna (2),Kb (0),Franny (1),Mongúz (1),Lemur (0),Zooey (1),,
11,5,,,Bárány (1),,Ka (0),Mongúz (0),,,,Manátusz (5),,,Kb (0),Franny (1),Bálna (3),Lemur (0),Zooey (1),,
11,5,Bálna (3),,Bárány (1),,Ka (0),Mongúz (0),,,,,,,Kb (0),Franny (1),Manátusz (5),Lemur (0),Zooey (1),,
11,5,Bálna (3),,,,Ka (0),Mongúz (0),,,,Bárány (1),,,Kb (0),Franny (1),Manátusz (5),Lemur (0),Zooey (1),,
11,5,,Bálna (3),,,Ka (0),Mongúz (0),,,,Bárány (1),,,Kb (0),Franny (1),Manátusz (5),Lemur (0),Zooey (1),,
11,5,,,Bálna (2),,Ka (0),Mongúz (0),,,,Bárány (1),,Zooey (2),Kb (0),Franny (1),Manátusz (5),Lemur (0),,,
11,5,,,Bálna (2),,Ka (0),Mongúz (0),,,,Bárány (1),,,Kb (0),Franny (1),Manátusz (5),Zooey (1),Lemur (1),,
11,5,,,Bálna (2),,Ka (0),Franny (2),,,,Bárány (1),,,Kb (0),Mongúz (0),Manátusz (5),Lemur (0),Zooey (1),,
11,5,,,Bálna (2),,Ka (0),Mongúz (0),,,,Bárány (1),,,Franny (1),Kb (1),Manátusz (5),Lemur (0),Zooey (1),,
11,5,,,Bárány (1),,,Mongúz (0),Bálna (2),,,Ka (1),,,Kb (0),Franny (1),Manátusz (5),Lemur (0),Zooey (1),,
11,5,,,Bárány (1),,Ka (0),Mongúz (0),Bálna (2),,,,,,Kb (0),Franny (1),Manátusz (5),Lemur (0),,Zooey (2),
11,5,,,,,Ka (0),Mongúz (0),Bálna (2),,,Bárány (1),,,Kb (0),Franny (1),Manátusz (5),Lemur (0),,Zooey (2),
11,5,,,Bárány (1),,Ka (0),Franny (2),,,,Bálna (1),,Zooey (2),Kb (0),Mongúz (0),Manátusz (5),Lemur (0),,,
11,5,,,Bárány (1),,Ka (0),Mongúz (0),,,,Bálna (1),,Zooey (2),Franny (1),Kb (1),Manátusz (5),Lemur (0),,,
11,5,,,Bárány (1),,Ka (0),Franny (2),,,,Bálna (1),,,Kb (0),Mongúz (0),Manátusz (5),Zooey (1),Lemur (1),,
11,5,,,Bárány (1),,Ka (0),Mongúz (0),,,,Bálna (1),,,Franny (1),Kb (1),Manátusz (5),Zooey (1),Lemur (1),,
11,5,,,Bárány (1),,Ka (0),Mongúz (0),,,,Bálna (1),,,Franny (1),Lemur (0),Manátusz (5),Zooey (1),Kb (2),,
11,5,,,Bárány (1),,Ka (0),Mongúz (0),,,,Bálna (1),Lemur (2),,Kb (0),Franny (1),Manátusz (5),Zooey (1),,,
11,5,,,Bárány (1),,Ka (0),Kb (2),,,,Bálna (1),,,Franny (1),Mongúz (0),Manátusz (5),Lemur (0),Zooey (1),,
11,5,,,Bárány (1),,Ka (0),,,,,Bálna (1),,,Franny (1),Mongúz (0),Manátusz (5),Lemur (0),Zooey (1),Kb (2),
11,5,,,Bárány (1),,,Mongúz (0),,,,Bálna (1),,,Franny (1),Ka (0),Manátusz (5),Lemur (0),Zooey (1),Kb (2),
11,5,,,Bárány (1),,Ka (0),Mongúz (0),,,,Bálna (1),,,,Franny (1),Manátusz (5),Lemur (0),Zooey (1),Kb (2),
11,5,,,,,Ka (0),Mongúz (0),,,,Bálna (1),,,Kb (0),Franny (1),Manátusz (5),Lemur (0),Zooey (1),,Bárány (3)
11,5,,,Bárány (1),,Ka (0),Mongúz (0),,,,Zooey (3),Bálna (1),,Kb (0),Franny (1),Manátusz (5),Lemur (0),,,
11,5,,,Bárány (1),,Ka (0),Mongúz (0),,,,,Bálna (1),Zooey (2),Kb (0),Franny (1),Manátusz (5),,Lemur (1),,
11,5,,,Bárány (1),,Ka (0),Franny (2),,,,,Bálna (1),,Kb (0),Mongúz (0),Manátusz (5),Zooey (1),Lemur (1),,
11,5,,,Bárány (1),,Ka (0),Mongúz (0),,,,,Bálna (1),,Franny (1),Kb (1),Manátusz (5),Zooey (1),Lemur (1),,
11,5,,,Bárány (1),,Ka (0),Mongúz (0),,,,,Bálna (1),,Franny (1),Lemur (0),Manátusz (5),Zooey (1),Kb (2),,
11,5,,,Bárány (1),,,Mongúz (0),,,,Ka (1),Bálna (1),,Kb (0),Franny (1),Manátusz (5),Zooey (1),Lemur (1),,
11,5,,,Bárány (1),,,Franny (2),,,,Ka (1),Bálna (1),,Kb (0),Mongúz (0),Manátusz (5),Lemur (0),Zooey (1),,
11,5,,,Bárány (1),,Ka (0),Kb (2),,,,,Bálna (1),,Franny (1),Mongúz (0),Manátusz (5),Lemur (0),Zooey (1),,
11,5,,,Bárány (1),,Ka (0),,,,,,Bálna (1),,Franny (1),Mongúz (0),Manátusz (5),Lemur (0),Zooey (1),Kb (2),
11,5,,,Bárány (1),,,Mongúz (0),,,,Ka (1),Bálna (1),,Franny (1),Kb (1),Manátusz (5),Lemur (0),Zooey (1),,
11,5,,,Bárány (1),,,Mongúz (0),,,,,Bálna (1),,Franny (1),Ka (0),Manátusz (5),Lemur (0),Zooey (1),Kb (2),
11,5,,,Bárány (1),,Ka (0),Mongúz (0),,,,,Bálna (1),,,Franny (1),Manátusz (5),Lemur (0),Zooey (1),Kb (2),
11,5,,,,,Ka (0),Mongúz (0),,,,Bárány (1),Bálna (1),,Franny (1),Lemur (0),Manátusz (5),Zooey (1),,Kb (2),
11,5,,,,,Ka (0),Mongúz (0),,,,Bárány (1),Bálna (1),,Franny (1),Lemur (0),Manátusz (5),Zooey (1),,,Kb (2)
11,5,,,,,Ka (0),Mongúz (0),,,,Bárány (1),Bálna (1),,Franny (1),Lemur (0),Manátusz (5),,Zooey (1),Kb (2),
11,5,,,,,Ka (0),Mongúz (0),,,,Bárány (1),Bálna (1),,Franny (1),,Manátusz (5),Lemur (0),Zooey (1),Kb (2),
11,5,,,,,Ka (0),,,,,Bárány (1),Bálna (1),,Franny (1),Mongúz (0),Manátusz (5),Lemur (0),Zooey (1),,Kb (2)
11,5,,,,,,Mongúz (0),,,,Bárány (1),Bálna (1),,Franny (1),Ka (0),Manátusz (5),Lemur (0),Zooey (1),,Kb (2)
11,5,,,,,Ka (0),Mongúz (0),,,,Bárány (1),Bálna (1),,,Franny (1),Manátusz (5),Lemur (0),Zooey (1),,Kb (2)
11,5,,,,,Ka (0),Franny (2),,,,Bárány (1),Bálna (1),,Kb (0),Mongúz (0),Manátusz (5),Lemur (0),,Zooey (2),
11,5,,,,,Ka (0),Mongúz (0),,,,Bárány (1),Bálna (1),,Franny (1),Kb (1),Manátusz (5),Lemur (0),,Zooey (2),
11,5,,,,,Ka (0),Mongúz (0),,,,Bárány (1),Bálna (1),,Kb (0),Franny (1),Manátusz (5),,Lemur (1),Zooey (2),
11,5,,,,,Ka (0),Mongúz (0),,,,,Bálna (1),,Kb (0),Franny (1),Manátusz (5),Lemur (0),Zooey (1),,Bárány (3)
11,5,,,Bárány (1),,,Mongúz (0),,,,Ka (1),,Bálna (2),Kb (0),Franny (1),Manátusz (5),Lemur (0),Zooey (1),,
11,5,,,Bárány (1),,Ka (0),Mongúz (0),,,,,,Bálna (2),Kb (0),Franny (1),Manátusz (5),Lemur (0),,Zooey (2),
11,5,,,,,Ka (0),Mongúz (0),,,,Bárány (1),,Bálna (2),Kb (0),Franny (1),Manátusz (5),Lemur (0),,Zooey (2),
11,6,,,Bárány (1),,Ka (0),Mongúz (0),,,,Manátusz (5),Bálna (1),Zooey (2),Kb (0),Franny (1),Lemur (1),,,,
11,6,,,Bárány (1),,Ka (0),,,,,Manátusz (5),Bálna (1),Zooey (2),Kb (0),Franny (1),Mongúz (1),Lemur (0),,,
11,6,,,,,Ka (0),Mongúz (0),,,,Manátusz (5),Bálna (1),Bárány (3),Kb (0),Franny (1),,Lemur (0),Zooey (1),,
11,6,,Bálna (3),Bárány (1),,Ka (0),Mongúz (0),,,,,,,Kb (0),Franny (1),Manátusz (5),Lemur (0),Zooey (1),,
11,6,,,,Bálna (3),Ka (0),Mongúz (0),,,,Bárány (1),,,Kb (0),Franny (1),Manátusz (5),Lemur (0),Zooey (1),,
11,6,,,Bárány (1),,Ka (0),Mongúz (0),Bálna (2),,,,,Zooey (2),Kb (0),Franny (1),Manátusz (5),Lemur (0),,,
11,6,,,Bárány (1),,Ka (0),Mongúz (0),Bálna (2),,,,,,Kb (0),Franny (1),Manátusz (5),Zooey (1),Lemur (1),,
11,6,,,Bárány (1),,Ka (0),Franny (2),Bálna (2),,,,,,Kb (0),Mongúz (0),Manátusz (5),Lemur (0),Zooey (1),,
11,6,,,Bárány (1),,Ka (0),Mongúz (0),Bálna (2),,,,,,Franny (1),Kb (1),Manátusz (5),Lemur (0),Zooey (1),,
11,6,,,,,Ka (0),Mongúz (0),Bálna (2),,,Bárány (1),,Zooey (2),Kb (0),Franny (1),Manátusz (5),Lemur (0),,,
11,6,,,,,Ka (0),Mongúz (0),Bálna (2),,,Bárány (1),,,Kb (0),Franny (1),Manátusz (5),Zooey (1),Lemur (1),,
11,6,,,,,Ka (0),Franny (2),Bálna (2),,,Bárány (1),,,Kb (0),Mongúz (0),Manátusz (5),Lemur (0),Zooey (1),,
11,6,,,,,Ka (0),Mongúz (0),Bálna (2),,,Bárány (1),,,Franny (1),Kb (1),Manátusz (5),Lemur (0),Zooey (1),,
11,6,,,Bárány (1),Zooey (3),Ka (0),Mongúz (0),,,,Bálna (1),,,Kb (0),Franny (1),Manátusz (5),Lemur (0),,,
11,6,,,,,Ka (0),Mongúz (0),,,,Bálna (1),,Bárány (3),Kb (0),Franny (1),Manátusz (5),Lemur (0),Zooey (1),,
11,6,,,,,Ka (0),Mongúz (0),,,,Bálna (1),,,Kb (0),Franny (1),Manátusz (5),Lemur (0),Zooey (1),Bárány (3),
11,6,,,Bárány (1),Zooey (3),Ka (0),Mongúz (0),,,,,Bálna (1),,Kb (0),Franny (1),Manátusz (5),Lemur (0),,,
11,6,,,Bárány (1),,Ka (0),Franny (2),,,,,Bálna (1),Zooey (2),Kb (0),Mongúz (0),Manátusz (5),Lemur (0),,,
11,6,,,Bárány (1),,Ka (0),Mongúz (0),,,,,Bálna (1),Zooey (2),Franny (1),Kb (1),Manátusz (5),Lemur (0),,,
11,6,,,Bárány (1),,,Mongúz (0),,,,Ka (1),Bálna (1),Zooey (2),Kb (0),Franny (1),Manátusz (5),Lemur (0),,,
11,6,,,,Zooey (3),Ka (0),Mongúz (0),,,,Bárány (1),Bálna (1),,Kb (0),Franny (1),Manátusz (5),Lemur (0),,,
11,6,,,,,Ka (0),Mongúz (0),,,,Bárány (1),Bálna (1),Zooey (2),Kb (0),Franny (1),Manátusz (5),,Lemur (1),,
11,6,,,,,Ka (0),Franny (2),,,,Bárány (1),Bálna (1),,Kb (0),Mongúz (0),Manátusz (5),Zooey (1),Lemur (1),,
11,6,,,,,Ka (0),Mongúz (0),,,,Bárány (1),Bálna (1),,Franny (1),Kb (1),Manátusz (5),Zooey (1),Lemur (1),,
11,6,,,,,Ka (0),Mongúz (0),,,,Bárány (1),Bálna (1),,Franny (1),Lemur (0),Manátusz (5),Zooey (1),Kb (2),,
11,6,,,,,Ka (0),Kb (2),,,,Bárány (1),Bálna (1),,Franny (1),Mongúz (0),Manátusz (5),Lemur (0),Zooey (1),,
11,6,,,,,Ka (0),,,,,Bárány (1),Bálna (1),,Franny (1),Mongúz (0),Manátusz (5),Lemur (0),Zooey (1),Kb (2),
11,6,,,,,,Mongúz (0),,,,Bárány (1),Bálna (1),,Franny (1),Ka (0),Manátusz (5),Lemur (0),Zooey (1),Kb (2),
11,6,,,,,Ka (0),Mongúz (0),,,,Bárány (1),Bálna (1),,,Franny (1),Manátusz (5),Lemur (0),Zooey (1),Kb (2),
11,6,,,,,Ka (0),Mongúz (0),,,,,Bálna (1),,Kb (0),Franny (1),Manátusz (5),Lemur (0),Zooey (1),Bárány (3),
11,6,,,Bárány (1),,Ka (0),Mongúz (0),,,,,,Bálna (2),Kb (0),Franny (1),Manátusz (5),Zooey (1),Lemur (1),,
11,6,,,Bárány (1),,Ka (0),Franny (2),,,,,,Bálna (2),Kb (0),Mongúz (0),Manátusz (5),Lemur (0),Zooey (1),,
11,6,,,Bárány (1),,Ka (0),Mongúz (0),,,,,,Bálna (2),Franny (1),Kb (1),Manátusz (5),Lemur (0),Zooey (1),,
11,6,,,,,Ka (0),Mongúz (0),,,,Bárány (1),,Bálna (2),Kb (0),Franny (1),Manátusz (5),Zooey (1),Lemur (1),,
11,6,,,,,Ka (0),Franny (2),,,,Bárány (1),,Bálna (2),Kb (0),Mongúz (0),Manátusz (5),Lemur (0),Zooey (1),,
11,6,,,,,Ka (0),Mongúz (0),,,,Bárány (1),,Bálna (2),Franny (1),Kb (1),Manátusz (5),Lemur (0),Zooey (1),,
11,7,,,Bárány (1),Bálna (3),Ka (0),Mongúz (0),,,,,,,Kb (0),Franny (1),Manátusz (5),Lemur (0),Zooey (1),,
11,7,,,,,Ka (0),Franny (2),,,,Bárány (1),Bálna (1),Zooey (2),Kb (0),Mongúz (0),Manátusz (5),Lemur (0),,,
11,7,,,,,Ka (0),Mongúz (0),,,,Bárány (1),Bálna (1),Zooey (2),Franny (1),Kb (1),Manátusz (5),Lemur (0),,,
11,7,,,,,Ka (0),Mongúz (0),,,,,Bálna (1),Bárány (3),Kb (0),Franny (1),Manátusz (5),Lemur (0),Zooey (1),,
